id,title,description,exploration_focus,deps,context_from,wave,status,findings,error
T1,Board-first surface routing hardening,"Make busy, attention, approval, verifying, result, failed, partial, and cancelled states render Swarm Board or Product Result Card before transcript/log output. Confirm idle remains conversation-first. Owned files: src/tui/SwarmChatApp.tsx, src/tui/conversation-layout.ts, related tests.",integration,,design-ref MASTER.md; prototypes/normal-run.txt; prototypes/finished-result.txt,1,pending,,
T2,RunBoard state continuity audit,"Audit current RunBoardState, selectors, reducer, and runtime event projection against design-ref. Identify and close gaps where Worker Board, Attention, Result Preview, and Product Result Card do not share the same evidence path. Owned files: src/tui/run-board/*, runtime-event-to-run-board tests.",architecture,T1,design-ref MASTER.md; design-tokens.json; layout-templates/*.json,1,pending,,
T3,Worker Board product row polish,"Implement the designed Worker Row shape across 80, 100, 120, and 160 columns: user-facing role label, status badge, current action, age, evidence, risk/affordances where supported. Default rows must not show protocol terms. Owned files: src/tui/run-board/WorkerBoard.tsx, WorkerRow.tsx, row formatting helpers, display-width tests.",ui,T2,prototypes/normal-run.txt; prototypes/compact-80col.txt; design-tokens.json,2,pending,,
T4,Attention panel taxonomy and recommendation copy,"Render slow, blocked, conflicted, uncertain, failed, and approval attention items as inline board state, not modal-only state. Add evidence, recommendation, actions, and final attention-history continuity. Owned files: src/tui/run-board/AttentionPanel.tsx, selectors, attention taxonomy tests.",ui,T2;T3,prototypes/attention-needed.txt; layout-templates/attention-layout.json; animation-tokens.json,2,pending,,
T5,Result Preview and Product Result Card continuity,"Make Result Preview update while running and Product Result Card settle from the same evidence: workers, files, checks, blockers, attention history, risk, and next actions. Owned files: ResultPreview.tsx, ProductResultCard.tsx, selectors, result-card render tests.",integration,T2;T4,prototypes/finished-result.txt; layout-templates/result-layout.json,3,pending,,
T6,Terminal mouse target implementation,"Connect mouse hit testing to Worker Row, Attention actions, Result next actions, footer pills, and scroll regions. Preserve keyboard equivalents and prompt focus. Honor SWARM_TUI_MOUSE=0. Owned files: src/tui/renderer/*, run-board clickable components, ChatInputArea footer targets.",interaction,T3;T4;T5,F-009-terminal-mouse-interaction-layer.md; MASTER.md Terminal Mouse Interaction,3,pending,,
T7,Debug detail bridge and protocol containment,"Expose worker transcript, command output, and internal protocol evidence only through explicit detail/debug surfaces. Row click/Enter opens detail; Esc returns to board. Default Swarm Board must remain product-facing. Owned files: run-board detail selectors/views, Swarm surface bridge, debug/detail tests.",debug,T3;T6,prototypes/debug-detail.txt; layout-templates/debug-detail-layout.json,4,pending,,
T8,Viewport and visual regression gate,"Add or update tests that assert the board-first surface at 80/100/120/160 columns, no text overlap, no protocol leakage, stable prompt focus, and final result continuity. Include npm run check and focused TUI test commands.",verification,T1;T2;T3;T4;T5;T6;T7,gates.md; design-ref prototypes,4,pending,,
T9,Global CLI smoke and release note,"After implementation gates pass, build and globally install the CLI if requested, then smoke the TUI entry point enough to verify the installed UI uses Swarm Board surfaces. Document changed behavior and known terminal mouse limitations.",release,T8,gates.md; context.md,5,pending,,
